<?xml version = '1.0' encoding = 'UTF-8'?>
<relationalModel class="oracle.dbtools.crest.model.design.relational.RelationalDesign" name="Relational_1" id="22545C5D-C15F-FE8F-5B57-029986213732" mainViewID="01C5452F-DFCB-59BF-E50B-DA5627810106">
<createdBy>2034907</createdBy>
<createdTime>2021-09-14 17:57:22 UTC</createdTime>
<ownerDesignName>Team3_DataMod</ownerDesignName>
<shouldBeOpen>true</shouldBeOpen>
<selectedRDBMSSite>32076570-2523-435C-2E92-BF29817DFF70</selectedRDBMSSite>
</relationalModel>