<?xml version = '1.0' encoding = 'UTF-8'?>
<Entity class="oracle.dbtools.crest.model.design.logical.Entity" directorySegmentName="seg_0" id="8B8FA7EA-F1D8-4EB6-221A-FE86B740D994" name="Customer">
<createdBy>2034907</createdBy>
<createdTime>2021-09-14 17:57:41 UTC</createdTime>
<ownerDesignName>Team3_DataMod</ownerDesignName>
<engineerTo>
<item key="22545C5D-C15F-FE8F-5B57-029986213732" value="true"/>
</engineerTo>
<adequatelyNormalized>NO</adequatelyNormalized>
<expectedVolumes>0</expectedVolumes>
<fwdEngineeringStrategyName>Single Table</fwdEngineeringStrategyName>
<growthPercent>0</growthPercent>
<growthType>Year</growthType>
<maxVolumes>9999999</maxVolumes>
<minVolumes>0</minVolumes>
<normalForm>Third</normalForm>
</Entity>