<?xml version = '1.0' encoding = 'UTF-8'?>
<Entity class="oracle.dbtools.crest.model.design.logical.Entity" directorySegmentName="seg_0" id="9C61A6BF-2E03-93E5-D522-1ECAA74AFF33" name="Reservation">
<createdBy>2034907</createdBy>
<createdTime>2021-09-14 18:26:19 UTC</createdTime>
<ownerDesignName>Team3_DataMod</ownerDesignName>
<engineerTo>
<item key="22545C5D-C15F-FE8F-5B57-029986213732" value="true"/>
</engineerTo>
<adequatelyNormalized>NO</adequatelyNormalized>
<expectedVolumes>0</expectedVolumes>
<fwdEngineeringStrategyName>Single Table</fwdEngineeringStrategyName>
<growthPercent>0</growthPercent>
<growthType>Year</growthType>
<maxVolumes>9999999</maxVolumes>
<minVolumes>0</minVolumes>
<normalForm>Third</normalForm>
</Entity>