<?xml version = '1.0' encoding = 'UTF-8'?>
<Relation class="oracle.dbtools.crest.model.design.logical.Relation" name="Relation_3" directorySegmentName="seg_0" id="91839989-32D8-9AB5-46F2-B890CE77C82F">
<createdBy>2034907</createdBy>
<createdTime>2021-09-14 18:28:02 UTC</createdTime>
<ownerDesignName>Team3_DataMod</ownerDesignName>
<engineerTo>
<item key="22545C5D-C15F-FE8F-5B57-029986213732" value="true"/>
</engineerTo>
<identifying>false</identifying>
<nameOnSource>is</nameOnSource>
<nameOnTarget>is a</nameOnTarget>
<optionalSource>true</optionalSource>
<optionalTarget>false</optionalTarget>
<sourceCardinality>1</sourceCardinality>
<sourceEntity>BF18E87C-2B29-0405-025D-323387F73DDE</sourceEntity>
<targetCardinalityString>1</targetCardinalityString>
<targetEntity>268AB4B2-A4C4-A531-C7B6-4842BAA8CC7D</targetEntity>
<transferable>true</transferable>
<deleteRule>NO ACTION</deleteRule>
</Relation>