<?xml version = '1.0' encoding = 'UTF-8'?>
<Diagram class="oracle.dbtools.crest.swingui.logical.DPVLogical" name="Logical" id="F370F8CC-1A1C-071F-7F5E-DD4778184A6A">
<createdBy>2034907</createdBy>
<modifiedBy>2034907</modifiedBy>
<createdTime>2021-09-14 17:57:29 UTC</createdTime>
<autoRoute>false</autoRoute>
<boxInbox>true</boxInbox>
<showLegend>false</showLegend>
<showLabels>true</showLabels>
<showRelAttributes>false</showRelAttributes>
<gridEnabled>false</gridEnabled>
<showGrid>true</showGrid>
<diagramColor>-1</diagramColor>
<display>false</display>
<notation>1</notation>
<objectViews>
<OView class="oracle.dbtools.crest.swingui.logical.TVEntity" oid="268AB4B2-A4C4-A531-C7B6-4842BAA8CC7D" otype="Entity" vid="DBDCA5CB-D702-C0A5-E591-7581CD2BE98B">
<hideElementsInCurrentOnly>false</hideElementsInCurrentOnly>
<bounds x="546" y="292" width="170" height="75"/>
</OView>
<OView class="oracle.dbtools.crest.swingui.logical.TVEntity" oid="34E9BB50-E540-5873-2FB7-6636FD463AC8" otype="Entity" vid="69C279FE-D578-D1BE-1AA3-1379F7707BE3">
<hideElementsInCurrentOnly>false</hideElementsInCurrentOnly>
<bounds x="1066" y="24" width="123" height="65"/>
</OView>
<OView class="oracle.dbtools.crest.swingui.logical.TVEntity" oid="4A38B137-739F-CD4B-D24A-E2C69EEF489E" otype="Entity" vid="D32171B8-32AA-603E-2E69-DB3B8DB9CFA2">
<hideElementsInCurrentOnly>false</hideElementsInCurrentOnly>
<bounds x="785" y="23" width="170" height="69"/>
</OView>
<OView class="oracle.dbtools.crest.swingui.logical.TVEntity" oid="52F4094B-ED32-6426-63D6-761CCB2BDAFD" otype="Entity" vid="01521717-D29C-622B-6472-AF806B8F5C85">
<hideElementsInCurrentOnly>false</hideElementsInCurrentOnly>
<bounds x="639" y="506" width="113" height="84"/>
</OView>
<OView class="oracle.dbtools.crest.swingui.logical.TVEntity" oid="61275001-ABA9-BB9F-A92B-462354FE1D44" otype="Entity" vid="8642F2D3-E30F-95E0-2ADC-E2E38C626E4B">
<hideElementsInCurrentOnly>false</hideElementsInCurrentOnly>
<bounds x="939" y="339" width="120" height="100"/>
</OView>
<OView class="oracle.dbtools.crest.swingui.logical.TVEntity" oid="6FF6578A-3D78-CAE8-172B-0C234CA13417" otype="Entity" vid="E3ADBC6D-0EFB-CD1C-8A1B-96E3CFF092D3">
<hideElementsInCurrentOnly>false</hideElementsInCurrentOnly>
<bounds x="223" y="429" width="114" height="77"/>
</OView>
<OView class="oracle.dbtools.crest.swingui.logical.TVEntity" oid="8B8FA7EA-F1D8-4EB6-221A-FE86B740D994" otype="Entity" vid="C94A313D-B817-3D97-E811-E4CB69AC41E9">
<hideElementsInCurrentOnly>false</hideElementsInCurrentOnly>
<bounds x="70" y="44" width="167" height="38"/>
</OView>
<OView class="oracle.dbtools.crest.swingui.logical.TVEntity" oid="9C61A6BF-2E03-93E5-D522-1ECAA74AFF33" otype="Entity" vid="AF9CD259-436C-FCBA-A6D2-DC07C974DC36">
<hideElementsInCurrentOnly>false</hideElementsInCurrentOnly>
<bounds x="174" y="223" width="150" height="71"/>
</OView>
<OView class="oracle.dbtools.crest.swingui.logical.TVEntity" oid="BF18E87C-2B29-0405-025D-323387F73DDE" otype="Entity" vid="93DB8F32-8643-6263-C821-105F97C92C57">
<hideElementsInCurrentOnly>false</hideElementsInCurrentOnly>
<bounds x="398" y="37" width="163" height="49"/>
</OView>
<OView class="oracle.dbtools.crest.swingui.logical.TVEntity" oid="ED051253-9E2F-D1BE-1706-2997760FFA27" otype="Entity" vid="26DB3063-1ACA-E50F-523B-EA7B1C004FCF">
<hideElementsInCurrentOnly>false</hideElementsInCurrentOnly>
<bounds x="1093" y="263" width="125" height="74"/>
</OView>
</objectViews>
<connectors>
<Connector class="oracle.dbtools.crest.swingui.logical.TVRelation" oid="0677FA8B-1B79-A5EF-5556-1503398C59D6" otype="Relation" vid_source="93DB8F32-8643-6263-C821-105F97C92C57" vid_target="D32171B8-32AA-603E-2E69-DB3B8DB9CFA2">
<hideElementsInCurrentOnly>false</hideElementsInCurrentOnly>
<backgroundColor>-16777216</backgroundColor>
<lineWidth>1</lineWidth>
<sourceLabel class="oracle.dbtools.crest.model.design.Label">
<site>0</site>
<labelBounds x="571" y="31" width="32" height="30"/>
<noBackgroundColor>true</noBackgroundColor>
<noForegroundColor>true</noForegroundColor>
</sourceLabel>
<targetLabel class="oracle.dbtools.crest.model.design.Label">
<site>2</site>
<labelBounds x="714" y="64" width="65" height="30"/>
<noBackgroundColor>true</noBackgroundColor>
<noForegroundColor>true</noForegroundColor>
</targetLabel>
<points>
<point x="561" y="61"/>
<point x="785" y="61"/>
</points>
</Connector>
<Connector class="oracle.dbtools.crest.swingui.logical.TVRelation" oid="1365912B-07AC-B721-C7AB-804E3208F5DB" otype="Relation" vid_source="DBDCA5CB-D702-C0A5-E591-7581CD2BE98B" vid_target="E3ADBC6D-0EFB-CD1C-8A1B-96E3CFF092D3">
<hideElementsInCurrentOnly>false</hideElementsInCurrentOnly>
<backgroundColor>-16777216</backgroundColor>
<lineWidth>1</lineWidth>
<sourceLabel class="oracle.dbtools.crest.model.design.Label">
<site>0</site>
<labelBounds x="455" y="362" width="85" height="30"/>
<noBackgroundColor>true</noBackgroundColor>
<noForegroundColor>true</noForegroundColor>
</sourceLabel>
<targetLabel class="oracle.dbtools.crest.model.design.Label">
<site>2</site>
<labelBounds x="347" y="445" width="77" height="33"/>
<noBackgroundColor>true</noBackgroundColor>
<noForegroundColor>true</noForegroundColor>
</targetLabel>
<points>
<point x="546" y="362"/>
<point x="337" y="445"/>
</points>
</Connector>
<Connector class="oracle.dbtools.crest.swingui.logical.TVRelation" oid="410D89BB-0CFB-BA1E-F5D1-426C0170F2FF" otype="Relation" vid_source="C94A313D-B817-3D97-E811-E4CB69AC41E9" vid_target="93DB8F32-8643-6263-C821-105F97C92C57">
<hideElementsInCurrentOnly>false</hideElementsInCurrentOnly>
<backgroundColor>-16777216</backgroundColor>
<lineWidth>1</lineWidth>
<sourceLabel class="oracle.dbtools.crest.model.design.Label">
<site>0</site>
<labelBounds x="247" y="34" width="31" height="29"/>
<noBackgroundColor>true</noBackgroundColor>
<noForegroundColor>true</noForegroundColor>
</sourceLabel>
<targetLabel class="oracle.dbtools.crest.model.design.Label">
<site>2</site>
<labelBounds x="321" y="66" width="71" height="33"/>
<noBackgroundColor>true</noBackgroundColor>
<noForegroundColor>true</noForegroundColor>
</targetLabel>
<points>
<point x="237" y="63"/>
<point x="398" y="63"/>
</points>
</Connector>
<Connector class="oracle.dbtools.crest.swingui.logical.TVRelation" oid="42C17580-A50E-971B-297F-75952A6A75A2" otype="Relation" vid_source="D32171B8-32AA-603E-2E69-DB3B8DB9CFA2" vid_target="69C279FE-D578-D1BE-1AA3-1379F7707BE3">
<hideElementsInCurrentOnly>false</hideElementsInCurrentOnly>
<backgroundColor>-16777216</backgroundColor>
<lineWidth>1</lineWidth>
<sourceLabel class="oracle.dbtools.crest.model.design.Label">
<site>0</site>
<labelBounds x="965" y="48" width="87" height="23"/>
<noBackgroundColor>true</noBackgroundColor>
<noForegroundColor>true</noForegroundColor>
</sourceLabel>
<targetLabel class="oracle.dbtools.crest.model.design.Label">
<site>2</site>
<labelBounds x="982" y="74" width="78" height="30"/>
<noBackgroundColor>true</noBackgroundColor>
<noForegroundColor>true</noForegroundColor>
</targetLabel>
<points>
<point x="955" y="71"/>
<point x="1066" y="71"/>
</points>
</Connector>
<Connector class="oracle.dbtools.crest.swingui.logical.TVRelation" oid="53C38DCD-7594-3593-0D24-73B0443B78EA" otype="Relation" vid_source="69C279FE-D578-D1BE-1AA3-1379F7707BE3" vid_target="26DB3063-1ACA-E50F-523B-EA7B1C004FCF">
<hideElementsInCurrentOnly>false</hideElementsInCurrentOnly>
<backgroundColor>-16777216</backgroundColor>
<lineWidth>1</lineWidth>
<sourceLabel class="oracle.dbtools.crest.model.design.Label">
<site>0</site>
<labelBounds x="1141" y="133" width="32" height="30"/>
<noBackgroundColor>true</noBackgroundColor>
<noForegroundColor>true</noForegroundColor>
</sourceLabel>
<targetLabel class="oracle.dbtools.crest.model.design.Label">
<site>2</site>
<labelBounds x="1141" y="227" width="74" height="30"/>
<noBackgroundColor>true</noBackgroundColor>
<noForegroundColor>true</noForegroundColor>
</targetLabel>
<points>
<point x="1141" y="89"/>
<point x="1141" y="263"/>
</points>
</Connector>
<Connector class="oracle.dbtools.crest.swingui.logical.TVRelation" oid="91839989-32D8-9AB5-46F2-B890CE77C82F" otype="Relation" vid_source="93DB8F32-8643-6263-C821-105F97C92C57" vid_target="DBDCA5CB-D702-C0A5-E591-7581CD2BE98B">
<hideElementsInCurrentOnly>false</hideElementsInCurrentOnly>
<backgroundColor>-16777216</backgroundColor>
<lineWidth>1</lineWidth>
<sourceLabel class="oracle.dbtools.crest.model.design.Label">
<site>0</site>
<labelBounds x="553" y="138" width="32" height="30"/>
<noBackgroundColor>true</noBackgroundColor>
<noForegroundColor>true</noForegroundColor>
</sourceLabel>
<targetLabel class="oracle.dbtools.crest.model.design.Label">
<site>2</site>
<labelBounds x="553" y="248" width="65" height="30"/>
<noBackgroundColor>true</noBackgroundColor>
<noForegroundColor>true</noForegroundColor>
</targetLabel>
<points>
<point x="553" y="86"/>
<point x="553" y="292"/>
</points>
</Connector>
<Connector class="oracle.dbtools.crest.swingui.logical.TVRelation" oid="9570F7FA-0321-452E-61A7-45D9D982DD52" otype="Relation" vid_source="DBDCA5CB-D702-C0A5-E591-7581CD2BE98B" vid_target="8642F2D3-E30F-95E0-2ADC-E2E38C626E4B">
<hideElementsInCurrentOnly>false</hideElementsInCurrentOnly>
<backgroundColor>-16777216</backgroundColor>
<lineWidth>1</lineWidth>
<sourceLabel class="oracle.dbtools.crest.model.design.Label">
<site>0</site>
<labelBounds x="726" y="323" width="32" height="30"/>
<noBackgroundColor>true</noBackgroundColor>
<noForegroundColor>true</noForegroundColor>
</sourceLabel>
<targetLabel class="oracle.dbtools.crest.model.design.Label">
<site>2</site>
<labelBounds x="850" y="356" width="83" height="30"/>
<noBackgroundColor>true</noBackgroundColor>
<noForegroundColor>true</noForegroundColor>
</targetLabel>
<points>
<point x="716" y="353"/>
<point x="939" y="353"/>
</points>
</Connector>
<Connector class="oracle.dbtools.crest.swingui.logical.TVRelation" oid="B55C4AE9-036E-94F1-FF75-7B898E9B7D80" otype="Relation" vid_source="AF9CD259-436C-FCBA-A6D2-DC07C974DC36" vid_target="93DB8F32-8643-6263-C821-105F97C92C57">
<hideElementsInCurrentOnly>false</hideElementsInCurrentOnly>
<backgroundColor>-16777216</backgroundColor>
<lineWidth>1</lineWidth>
<sourceLabel class="oracle.dbtools.crest.model.design.Label">
<site>0</site>
<labelBounds x="290" y="187" width="41" height="30"/>
<noBackgroundColor>true</noBackgroundColor>
<noForegroundColor>true</noForegroundColor>
</sourceLabel>
<targetLabel class="oracle.dbtools.crest.model.design.Label">
<site>2</site>
<labelBounds x="450" y="122" width="65" height="30"/>
<noBackgroundColor>true</noBackgroundColor>
<noForegroundColor>true</noForegroundColor>
</targetLabel>
<points>
<point x="290" y="223"/>
<point x="450" y="86"/>
</points>
</Connector>
<Connector class="oracle.dbtools.crest.swingui.logical.TVRelation" oid="C0A4CB0E-B0BD-CF8B-A4E2-9554602A2D4A" otype="Relation" vid_source="D32171B8-32AA-603E-2E69-DB3B8DB9CFA2" vid_target="8642F2D3-E30F-95E0-2ADC-E2E38C626E4B">
<hideElementsInCurrentOnly>false</hideElementsInCurrentOnly>
<backgroundColor>-16777216</backgroundColor>
<lineWidth>1</lineWidth>
<sourceLabel class="oracle.dbtools.crest.model.design.Label">
<site>0</site>
<labelBounds x="947" y="144" width="32" height="30"/>
<noBackgroundColor>true</noBackgroundColor>
<noForegroundColor>true</noForegroundColor>
</sourceLabel>
<targetLabel class="oracle.dbtools.crest.model.design.Label">
<site>2</site>
<labelBounds x="947" y="279" width="85" height="46"/>
<noBackgroundColor>true</noBackgroundColor>
<noForegroundColor>true</noForegroundColor>
</targetLabel>
<points>
<point x="947" y="92"/>
<point x="947" y="339"/>
</points>
</Connector>
<Connector class="oracle.dbtools.crest.swingui.logical.TVRelation" oid="E08C276A-21BB-2AF5-0518-6C93C9D58B98" otype="Relation" vid_source="DBDCA5CB-D702-C0A5-E591-7581CD2BE98B" vid_target="01521717-D29C-622B-6472-AF806B8F5C85">
<hideElementsInCurrentOnly>false</hideElementsInCurrentOnly>
<backgroundColor>-16777216</backgroundColor>
<lineWidth>1</lineWidth>
<sourceLabel class="oracle.dbtools.crest.model.design.Label">
<site>0</site>
<labelBounds x="677" y="427" width="32" height="30"/>
<noBackgroundColor>true</noBackgroundColor>
<noForegroundColor>true</noForegroundColor>
</sourceLabel>
<targetLabel class="oracle.dbtools.crest.model.design.Label">
<site>2</site>
<labelBounds x="677" y="470" width="62" height="30"/>
<noBackgroundColor>true</noBackgroundColor>
<noForegroundColor>true</noForegroundColor>
</targetLabel>
<points>
<point x="677" y="367"/>
<point x="677" y="506"/>
</points>
</Connector>
</connectors>
</Diagram>